Rang 2023,atc,ATC7,Geneesmiddel,Merknaam,2019,2020,2021,2022,2023
1,A02BC,A02BC02,Pantoprazol,(Pantozol ®),8.002.800,8.094.400,7.990.600,8.046.500,8.094.200
2,C07AB,C07AB02,Metoprolol,(Selokeen ®),8.218.600,7.942.500,7.600.200,7.539.700,7.521.500
3,A10BA,A10BA02,Metformine,(Glucient ®),5.645.700,5.495.100,5.360.300,5.311.500,5.304.900
4,A02BC,A02BC01,Omeprazol,(Losec mups ®),6.693.400,6.363.000,5.894.400,5.583.800,5.280.000
5,C10AA,C10AA01,Simvastatine,(Zocor ®),6.929.600,6.268.600,5.752.100,5.373.600,5.032.100
6,B01AC,B01AC06,Acetylsalicylzuur,(Aspirine protect ®),5.995.200,5.518.800,5.154.500,4.923.000,4.769.800
7,C08CA,C08CA01,Amlodipine,(Norvasc ®),4.406.900,4.513.800,4.526.900,4.602.500,4.745.000
8,C10AA,C10AA05,Atorvastatine,(Lipitor ®),4.038.100,4.121.100,4.225.700,4.426.200,4.629.000
9,H03AA,H03AA01,Levothyroxine,(Euthyrox ®),3.897.400,3.813.900,3.731.500,3.742.200,3.741.200
10,B01AC,B01AC04,Clopidogrel,(Plavix ®),3.192.000,3.276.300,3.279.000,3.391.000,3.516.100
11,C03AA,C03AA03,Hydrochloorthiazide,,3.779.300,3.521.300,3.406.200,3.239.300,3.109.500
12,C10AA,C10AA07,Rosuvastatine,(Crestor ®),2.038.000,2.205.800,2.404.600,2.671.500,2.946.600
13,A06AD,A06AD65,Macrogol combinatiepreparaten,(Pleinvue ®),2.453.500,2.474.700,2.602.400,2.649.600,2.669.200
14,C03CA,C03CA01,Furosemide,(Lasix ®),3.159.900,2.951.600,2.694.400,2.548.100,2.502.000
15,C09AA,C09AA04,Perindopril,(Coversyl arg ®),2.561.500,2.511.900,2.433.500,2.384.800,2.359.600
16,S01XA,S01XA20,Kunsttranen en andere indifferente preparaten,(Artelac ®),2.134.600,2.107.000,2.197.100,2.270.400,2.279.400
17,A10BB,A10BB09,Gliclazide,(Diamicron ®),1.948.600,2.008.000,2.074.400,2.137.300,2.192.200
18,C09AA,C09AA03,Lisinopril,,2.060.600,2.157.500,2.127.100,2.133.300,2.176.700
19,C09CA,C09CA01,Losartan,(Cozaar ®),2.469.900,2.275.200,2.169.600,2.125.600,2.126.600
20,D02AX,D02AX,Overige emollientia en protectiva,,1.835.500,1.860.900,1.941.600,1.974.200,2.019.900
21,N02AA,N02AA05,Oxycodon,(Oxynorm ®),2.008.100,1.932.900,1.971.900,1.983.000,1.946.500
22,B01AF,B01AF02,Apixaban,(Eliquis ®),958.320,1.171.900,1.384.300,1.602.400,1.856.500
23,R03AC,R03AC02,Salbutamol,(Ventolin ®),1.883.100,1.826.300,1.688.100,1.760.100,1.759.700
24,C09AA,C09AA02,Enalapril/enalaprilaat,(Renitec ®),1.904.100,1.891.700,1.819.000,1.772.500,1.752.000
25,H02AB,H02AB06,Prednisolon,(Di-adreson-f ®),1.907.800,1.670.400,1.599.900,1.691.800,1.720.700
26,C03DA,C03DA01,Spironolacton,,1.587.400,1.528.200,1.523.300,1.614.500,1.713.400
27,R06AX,R06AX27,Desloratadine,(Aerius ®),1.556.900,1.617.200,1.649.100,1.625.300,1.696.400
28,C07AB,C07AB07,Bisoprolol,(Emcor deco ®),1.844.400,1.756.800,1.683.600,1.670.700,1.673.100
29,N05AH,N05AH04,Quetiapine,(Seroquel ®),1.543.800,1.586.500,1.596.400,1.602.900,1.573.800
30,C10AX,C10AX09,Ezetimib,(Ezetrol ®),944.880,1.073.900,1.182.300,1.326.500,1.493.800
31,B01AF,B01AF01,Rivaroxaban,(Xarelto ®),986.050,1.136.200,1.280.800,1.371.300,1.486.500
32,B03AA,B03AA02,Ferrofumaraat,,1.183.200,1.178.700,1.235.800,1.374.100,1.466.200
33,N06BA,N06BA04,Methylfenidaat,(Medikinet ®),1.248.000,1.220.600,1.232.100,1.334.300,1.455.300
34,N06AB,N06AB04,Citalopram,(Cipramil ®),1.480.200,1.449.300,1.426.000,1.437.000,1.447.100
35,M01AB,M01AB05,Diclofenac,(Cataflam ®),1.725.100,1.535.400,1.493.200,1.508.300,1.436.000
36,J01CA,J01CA04,Amoxicilline,,1.287.300,956.230,972.390,1.246.700,1.364.400
37,G04CA,G04CA02,Tamsulosine,(Omnic ®),1.315.100,1.292.100,1.287.100,1.303.200,1.357.900
38,M01AE,M01AE02,Naproxen,,1.345.600,1.275.700,1.295.700,1.337.100,1.349.000
39,C01DA,C01DA14,Isosorbidemononitraat,(Mono-cedocard ®),1.665.500,1.537.000,1.470.800,1.448.300,1.333.000
40,N02AX,N02AX02,Tramadol,(Tramal ®),1.195.100,1.194.200,1.197.900,1.216.100,1.223.500
41,R01AD,R01AD08,Fluticason,(Flixonase ®),1.017.200,1.014.900,994.590,1.069.600,1.215.500
42,M04AA,M04AA01,Allopurinol,(Zyloric ®),1.145.900,1.123.100,1.101.700,1.109.700,1.168.500
43,A02BC,A02BC05,Esomeprazol,(Nexium ®),1.309.300,1.232.300,1.160.800,1.131.700,1.111.100
44,N02BF,N02BF02,Pregabaline,(Lyrica ®),1.008.800,1.019.800,1.019.900,1.046.400,1.080.600
45,J01XE,J01XE01,Nitrofurantoine,(Furabid ®),1.171.500,1.096.900,1.015.800,1.078.300,1.068.600
46,N06AA,N06AA09,Amitriptyline,,1.234.800,1.186.900,1.108.300,1.065.300,1.044.800
47,N05BA,N05BA04,Oxazepam,(Seresta ®),1.166.100,1.138.400,1.067.400,1.035.500,991.800
48,D07AB,D07AB09,Triamcinolon,,892.280,855.370,908.910,937.130,991.220
49,C08CA,C08CA05,Nifedipine,(Nifedipin-ratiopharm ®),1.074.000,920.090,938.190,951.760,942.210
50,R03AK,R03AK08,Formoterol met beclometason,(Foster ®),684.260,744.460,770.980,852.250,941.420
51,C03CA,C03CA02,Bumetanide,(Burinex ®),1.157.200,1.052.400,958.230,1.013.300,939.020
52,M05BA,M05BA04,Alendroninezuur,(Bonasol ®),902.290,969.880,944.400,947.850,936.060
53,C09CA,C09CA04,Irbesartan,(Aprovel ®),1.046.400,987.810,950.600,920.110,915.260
54,R06AE,R06AE09,Levocetirizine,(Xyzal ®),904.120,924.930,917.650,890.350,895.300
55,N06AX,N06AX11,Mirtazapine,(Remeron ®),1.040.800,990.400,932.990,896.920,870.320
56,N06AX,N06AX16,Venlafaxine,(Efexor ®),1.001.800,963.010,912.080,888.920,867.570
57,R05DA,R05DA04,Codeine,,1.046.400,747.570,709.220,962.880,865.950
58,C09CA,C09CA06,Candesartan,(Atacand ®),827.890,818.880,814.990,833.980,862.300
59,N06AB,N06AB05,Paroxetine,(Seroxat ®),1.084.000,1.014.800,935.110,896.970,860.010
60,J01CR,J01CR02,Amoxicilline met betalactamaseremmer,(Augmentin ®),823.790,705.460,698.760,812.570,846.630
61,B03BB,B03BB01,Foliumzuur,,906.770,879.540,864.130,860.360,844.860
62,A10BK,A10BK01,Dapagliflozine,(Forxiga ®),46.648,56.830,108.280,443.020,807.130
63,N06AB,N06AB06,Sertraline,(Zoloft ®),704.010,721.570,729.750,760.830,789.240
64,D06AX,D06AX01,Fusidinezuur,(Fucidin ®),754.120,660.580,649.090,726.970,771.970
65,N06AA,N06AA10,Nortriptyline,(Nortrilen ®),642.070,640.610,674.070,737.900,770.360
66,N02AB,N02AB03,Fentanyl,(Instanyl ®),761.860,774.910,773.310,760.150,746.410
67,N05BA,N05BA06,Lorazepam,,644.590,676.790,678.980,701.510,731.080
68,N05AH,N05AH03,Olanzapine,(Zyprexa ®),722.830,732.850,719.190,727.400,725.340
69,C01AA,C01AA05,Digoxine,(Lanoxin ®),922.100,812.260,746.820,750.380,723.590
70,N05CD,N05CD07,Temazepam,,861.800,838.010,788.410,736.480,674.100
71,C10AA,C10AA03,Pravastatine,,981.140,872.460,779.360,720.410,669.850
72,N04BA,N04BA02,Levodopa met decarboxylaseremmer,(Sinemet ®),722.590,671.670,650.910,655.500,654.480
73,D07AD,D07AD01,Clobetasol,(Dermovate ®),527.070,552.120,583.400,614.910,648.960
74,N06AB,N06AB10,Escitalopram,(Lexapro ®),545.130,562.060,572.730,595.340,618.400
75,B01AC,B01AC08,Carbasalaatcalcium,(Ascal cardio neuro ®),882.750,792.560,712.300,663.410,614.300
76,R01AD,R01AD09,Mometason,(Nasonex ®),682.920,646.750,602.620,584.320,610.060
77,J01AA,J01AA02,Doxycycline,(Efracea ®),675.580,485.800,399.770,516.930,604.840
78,A10AB,A10AB05,Insuline aspart,(Novorapid ®),574.430,577.440,591.930,596.830,594.470
79,S01ED,S01ED51,Timolol combinatiepreparaten,(Cosopt ®),488.000,491.030,503.860,516.490,551.170
80,C08CA,C08CA12,Barnidipine,(Cyress ®),521.110,512.600,516.320,526.680,541.940
81,M01AE,M01AE01,Ibuprofen,(Brufen ®),674.240,601.650,590.630,594.340,531.410
82,D01AC,D01AC08,Ketoconazol,(Nizoral ®),550.220,521.630,413.710,521.940,530.480
83,C07AA,C07AA07,Sotalol,,673.790,623.550,570.300,540.780,514.650
84,L04AX,L04AX03,Methotrexaat,(Injexate ®),494.720,494.520,497.990,514.320,512.400
85,N05BA,N05BA01,Diazepam,(Stesolid ®),565.490,553.960,532.210,522.630,511.420
86,D01AC,D01AC20,Imidazolen/triazolen combinaties met corticosteroiden,(Daktacort ®),562.230,523.080,517.260,514.030,508.280
87,B01AF,B01AF03,Edoxaban,(Lixiana ®),227.830,296.080,368.610,424.920,496.370
88,G03AA,G03AA07,Ethinylestradiol met levonorgestrel,(Microgynon ®),709.880,615.950,527.520,516.480,492.970
89,A10AE,A10AE04,Insuline glargine,(Lantus ®),528.600,521.150,510.610,499.220,486.960
90,R03BB,R03BB04,Tiotropium,(Spiriva ®),767.900,679.850,575.120,521.980,479.320
91,D07AA,D07AA02,Hydrocortison,,502.940,476.240,489.390,487.190,479.110
92,J01FA,J01FA10,Azitromycine,(Zithromax ®),546.160,442.520,406.660,462.600,473.450
93,A10BJ,A10BJ06,Semaglutide,(Ozempic ®),52.651,129.420,212.540,318.880,469.240
94,R03AK,R03AK07,Formoterol met budesonide,(Symbicort ®),498.870,506.150,468.320,475.700,469.110
95,N03AG,N03AG01,Valproinezuur,(Depakine ®),585.300,548.010,508.630,487.900,467.400
96,A10BK,A10BK03,Empagliflozine,(Jardiance ®),47.979,59.038,77.569,251.870,467.250
97,J01CF,J01CF05,Flucloxacilline,(Floxapen ®),385.880,378.750,376.590,421.650,454.020
98,D07AC,D07AC01,Betamethason,(Betnelan ®),498.180,493.090,468.040,464.350,451.380
99,G04BD,G04BD08,Solifenacine,(Vesicare ®),482.320,457.940,445.330,439.860,450.820
100,B01AA,B01AA07,Acenocoumarol,,830.380,723.930,611.600,517.890,447.630
101,R01AD,R01AD58,Fluticason combinatiepreparaten,(Dymista ®),253.490,299.840,338.760,379.220,445.770
102,C07AB,C07AB03,Atenolol,,584.470,543.510,496.460,469.250,444.500
103,C09CA,C09CA03,Valsartan,(Diovan ®),288.980,293.080,331.530,374.630,444.020
104,C08CA,C08CA13,Lercanidipine,(Lerdip ®),383.890,393.320,404.950,417.840,440.720
105,N05AX,N05AX08,Risperidon,(Risperdal ®),542.550,518.530,477.780,455.860,437.620
106,B01AE,B01AE07,Dabigatranetexilaat,(Pradaxa ®),298.660,331.220,417.780,425.080,431.890
107,R03AK,R03AK06,Salmeterol met fluticason,(Seretide ®),693.730,663.570,510.960,469.600,430.300
108,N03AX,N03AX14,Levetiracetam,(Keppra ®),438.400,437.640,424.590,427.060,429.500
109,R01AD,R01AD12,Fluticason,(furoaat) (Avamys ®),509.230,496.130,473.270,479.190,425.660
110,C09DX,C09DX04,Valsartan met sacubitril,(Entresto ®),78.990,128.520,218.830,351.560,422.390
111,C07AA,C07AA05,Propranolol,(Hemangiol ®),479.600,443.020,434.280,422.170,420.600
112,C08DA,C08DA01,Verapamil,(Isoptin ®),438.400,423.840,414.740,412.350,416.740
113,N05AH,N05AH02,Clozapine,(Zaponex ®),451.990,444.610,419.950,413.050,410.450
114,N02AJ,N02AJ13,Tramadol met paracetamol,(Zaldiar ®),465.730,447.830,430.730,423.470,404.110
115,N06AB,N06AB03,Fluoxetine,(Prozac ®),405.330,398.940,383.370,395.850,400.590
116,N05AN,N05AN01,Lithiumzouten,(Priadel ®),408.600,425.210,392.100,393.830,390.850
117,A03FA,A03FA01,Metoclopramide,(Primperan ®),406.080,399.900,390.450,379.140,385.070
118,A06AC,A06AC01,Psylliumzaad,,446.810,405.780,411.480,421.890,384.790
119,N02CC,N02CC01,Sumatriptan,(Imigran ®),374.740,368.390,378.250,406.350,381.070
120,S02CA,S02CA03,Hydrocortison met antimicrobiele middelen,(Bacicoline-b ®),150.980,190.240,184.130,214.770,379.410
121,B03BA,B03BA03,Hydroxocobalamine,(Hydrocobamine ®),457.110,407.050,398.460,395.170,376.420
122,N07BC,N07BC02,Methadon,,410.750,403.890,398.620,384.310,372.820
123,D07AC,D07AC13,Mometason,(Elocon ®),323.790,323.520,335.690,343.670,372.460
124,N05AX,N05AX12,Aripiprazol,(Abilify maintena ®),329.390,334.680,335.750,347.110,364.990
125,N02AA,N02AA01,Morfine,(Oramorph ®),295.370,318.960,329.770,339.460,361.050
126,J01MA,J01MA02,Ciprofloxacine,(Ciproxin ®),369.460,339.340,330.250,346.760,354.310
127,A03AA,A03AA04,Mebeverine,(Duspatal ®),400.560,375.670,361.760,354.400,343.040
128,C09CA,C09CA07,Telmisartan,(Micardis ®),335.330,321.960,319.050,320.340,337.560
129,R03BA,R03BA05,Fluticason,(Flixotide ®),411.050,404.070,358.850,347.930,326.270
130,C02CA,C02CA04,Doxazosine,(Cardura xl ®),351.280,338.100,329.680,326.780,323.460
131,C09AA,C09AA05,Ramipril,,394.030,369.850,350.760,333.290,322.450
132,C09DA,C09DA01,Losartan met diuretica,(Hyzaar ®),354.750,361.520,348.820,321.320,314.240
133,N05CF,N05CF01,Zopiclon,(Imovane ®),314.690,317.000,309.830,310.830,308.020
134,N03AX,N03AX09,Lamotrigine,(Lamictal ®),287.560,292.550,289.680,295.780,307.820
135,N05CF,N05CF02,Zolpidem,,261.720,268.120,265.890,281.330,307.540
136,S01AA,S01AA01,Chlooramfenicol,"(Chlooramphenicol, minims ®)",442.370,359.450,325.650,205.460,304.760
137,N02BF,N02BF01,Gabapentine,(Neurontin ®),315.320,303.490,294.400,298.850,303.180
138,G04BD,G04BD12,Mirabegron,(Betmiga ®),241.220,245.500,255.610,273.320,301.970
139,M04AC,M04AC01,Colchicine,,311.640,294.630,286.460,286.550,298.330
140,M01AH,M01AH05,Etoricoxib,(Arcoxia ®),299.900,283.410,278.170,287.410,296.840
141,H02AB,H02AB08,Triamcinolon,(Kenacort-a ®),291.580,273.660,269.910,268.820,294.880
142,C08DB,C08DB01,Diltiazem,,329.720,309.870,291.040,290.930,291.550
143,J01XX,J01XX01,Fosfomycine,(Monuril ®),245.760,277.170,262.180,261.280,289.230
144,A11CC,A11CC03,Alfacalcidol,(Etalpha ®),415.930,369.740,334.560,312.790,287.160
145,S01GX,S01GX02,Levocabastine,(Livocab ®),289.860,301.230,318.860,286.150,287.030
146,S01EE,S01EE01,Latanoprost,(Monoprost ®),255.990,251.480,256.850,265.600,284.070
147,N07CA,N07CA01,Betahistine,(Betaserc ®),432.290,388.630,346.630,319.910,282.080
148,R06AX,R06AX26,Fexofenadine,(Telfast ®),251.260,259.750,259.810,270.080,279.980
149,C03BA,C03BA04,Chloortalidon,,357.050,332.530,311.630,293.790,279.620
150,H02AB,H02AB02,Dexamethason,(Oradexon ®),261.790,261.240,289.940,280.430,277.670
151,C07AB,C07AB12,Nebivolol,(Nebilet ®),328.390,304.960,289.510,282.590,275.970
152,N05AD,N05AD01,Haloperidol,(Haldol ®),327.380,319.490,301.240,281.810,273.060
153,S01BA,S01BA01,Dexamethason,(Dexmono ®),190.120,168.450,177.910,204.020,272.810
154,C09AA,C09AA09,Fosinopril,,387.860,290.360,286.930,284.360,271.220
155,G03CA,G03CA03,Estradiol,(Lenzetto ®),124.160,139.820,159.160,193.400,266.670
156,S02CA,S02CA04,Triamcinolon met antimicrobiele middelen,,234.490,238.270,242.210,247.110,262.250
157,D02AC,D02AC,Vaseline en vetproducten,,230.680,235.800,251.260,254.370,260.670
158,N06AX,N06AX21,Duloxetine,(Cymbalta ®),253.210,249.460,246.590,251.870,259.630
159,C09DA,C09DA04,Irbesartan met diuretica,(Coaprovel ®),378.540,341.910,300.740,274.530,259.450
160,N06BA,N06BA02,Dexamfetamine,(Tentin ®),225.430,210.650,202.130,222.410,258.400
161,N04BC,N04BC05,Pramipexol,(Sifrol ®),282.070,266.570,261.780,259.820,257.110
162,R03AL,R03AL09,Formoterol met glycopyrroniumbromide en beclometason,(Trimbow ®),81.845,121.480,158.420,201.500,254.630
163,C03DA,C03DA04,Eplerenon,(Inspra ®),189.810,190.890,201.010,223.780,251.140
164,N03AF,N03AF01,Carbamazepine,(Tegretol ®),324.870,298.620,280.150,264.290,244.960
165,N06AA,N06AA04,Clomipramine,,294.300,279.000,263.110,247.990,242.140
166,R03DC,R03DC03,Montelukast,(Singulair ®),259.190,255.330,245.890,242.680,237.270
167,P01BA,P01BA02,Hydroxychloroquine,(Plaquenil ®),276.880,268.810,246.560,241.960,234.380
168,C01BD,C01BD01,Amiodaron,(Cordarone ®),263.820,247.060,236.550,234.690,233.940
169,G04CB,G04CB02,Dutasteride,(Avodart ®),214.200,209.240,205.580,199.460,231.100
170,A06AD,A06AD15,Macrogol,(Forlax ®),226.620,231.200,235.820,238.070,229.330
171,G04CA,G04CA52,Tamsulosine met dutasteride,(Combodart ®),268.530,251.940,243.560,251.990,228.690
172,A10BH,A10BH01,Sitagliptine,(Januvia ®),218.690,232.610,239.270,238.730,228.440
173,N02CC,N02CC04,Rizatriptan,(Maxalt ®),194.000,187.220,183.800,178.870,227.670
174,A07EC,A07EC02,Mesalazine,(Pentasa compact ®),228.390,228.780,226.090,225.310,225.060
175,N06AX,N06AX12,Bupropion,(Wellbutrin ®),185.920,190.020,193.650,208.360,224.110
176,R06AE,R06AE07,Cetirizine,,231.230,237.540,233.770,228.320,224.060
177,M05BA,M05BA07,Risedroninezuur,(Actonel ®),348.800,274.060,238.720,213.820,221.970
178,J01EE,J01EE01,Sulfamethoxazol met trimethoprim,(Septrin ®),201.440,186.240,185.950,197.940,216.520
179,R06AD,R06AD02,Promethazine,,268.870,253.640,244.930,212.750,214.630
180,C01BC,C01BC04,Flecainide,(Tambocor ®),229.590,216.900,210.940,209.840,210.040
181,S01CA,S01CA01,Dexamethason met antimicrobiele middelen,(Tobradex ®),271.710,247.650,239.350,248.820,209.430
182,N05CD,N05CD08,Midazolam,(Dormicum ®),203.260,209.060,210.990,211.350,207.930
183,A10BB,A10BB12,Glimepiride,(Amaryl ®),396.560,331.450,279.000,234.100,200.110
184,N03AX,N03AX11,Topiramaat,(Topamax ®),201.610,197.680,196.660,200.230,199.590
185,A10AE,A10AE06,Insuline degludec,(Tresiba ®),183.430,196.500,199.510,200.880,196.250
186,G04CB,G04CB01,Finasteride,(Proscar ®),217.540,205.170,197.480,196.520,194.590
187,M01AH,M01AH01,Celecoxib,(Celebrex ®),185.860,174.970,175.890,185.510,194.410
188,J05AB,J05AB11,Valaciclovir,(Zelitrex ®),163.650,157.410,163.760,178.240,193.780
189,N02AE,N02AE01,Buprenorfine,(Temgesic ®),200.040,196.830,196.020,192.970,190.690
190,D07AB,D07AB02,Hydrocortisonbutyraat,(Locoid ®),197.640,193.380,189.570,175.820,189.800
191,G04CA,G04CA01,Alfuzosine,,234.910,215.310,203.430,195.110,188.680
192,R03BB,R03BB01,Ipratropium,(Atrovent ®),253.380,235.370,205.880,201.710,188.030
193,N03AE,N03AE01,Clonazepam,(Rivotril ®),262.970,241.980,229.520,220.870,187.380
194,G03CA,G03CA04,Estriol,(Synapause e3 ®),182.590,169.120,172.090,175.860,184.290
195,J02AC,J02AC01,Fluconazol,(Diflucan ®),166.970,154.220,143.850,159.900,184.120
196,A04AA,A04AA01,Ondansetron,(Zofran zydis ®),130.670,120.520,154.050,183.010,183.190
197,B01AC,B01AC24,Ticagrelor,(Brilique ®),212.270,203.610,192.610,188.620,181.970
198,P03AC,P03AC04,Permetrine,,48.785,56.822,73.561,129.160,180.870
199,R01AD,R01AD05,Budesonide,,225.710,207.010,187.250,182.350,180.620
200,R03BA,R03BA08,Ciclesonide,(Alvesco ®),216.100,217.270,201.740,194.780,180.200
201,C01DA,C01DA02,Nitroglycerine,(Nitrolingual ®),169.230,177.190,174.970,183.400,180.110
202,N06BA,N06BA12,Lisdexamfetamine,(Elvanse ®),7.201,59.797,95.787,130.340,171.380
203,M03BX,M03BX01,Baclofen,(Lioresal ®),196.980,187.530,177.000,173.450,169.420
204,C07AG,C07AG02,Carvedilol,,199.230,184.210,172.290,165.740,166.970
205,J07AM,J07AM01,Tetanustoxoide,(Tetanusvaccin ®),145.350,152.130,148.950,168.890,164.280
206,S01BC,S01BC10,Nepafenac,(Nevanac ®),137.080,117.820,125.980,121.930,163.410
207,D01BA,D01BA02,Terbinafine,,146.060,123.490,137.580,150.940,162.650
208,D05AX,D05AX52,Calcipotriol combinatiepreparaten,(Enstilar ®),150.290,149.320,146.180,153.790,162.590
209,A02BA,A02BA03,Famotidine,,21.913,52.414,96.531,138.220,161.990
210,N05BA,N05BA12,Alprazolam,(Xanax ®),268.450,258.060,244.850,230.740,159.600
211,C09BA,C09BA04,Perindopril met diuretica,(Coversyl plus arg ®),199.820,187.580,174.890,166.150,159.200
212,S01AA,S01AA13,Fusidinezuur,(Fucithalmic ®),139.160,147.280,146.160,198.330,158.790
213,C09BA,C09BA02,Enalapril met diuretica,,225.110,208.200,184.890,168.530,156.810
214,R03AC,R03AC13,Formoterol,(Atimos ®),171.680,167.430,160.920,160.090,155.500
215,B01AB,B01AB06,Nadroparine,(Fraxiparine ®),178.020,149.480,156.980,159.970,155.350
216,P02CF,P02CF01,Ivermectine,(Stromectol ®),.,.,.,15.436,153.580
217,A10BB,A10BB03,Tolbutamide,,327.380,282.480,236.050,191.090,153.460
218,D10BA,D10BA01,Isotretinoine,,136.580,137.150,155.870,145.950,152.850
219,N01BB,N01BB02,Lidocaine,(Xylocaine ®),120.650,115.830,121.480,129.010,152.060
220,A03FA,A03FA03,Domperidon,,195.560,167.780,166.510,160.890,145.960
221,A02BC,A02BC04,Rabeprazol,(Pariet ®),163.160,161.230,152.300,147.770,144.990
222,R03BA,R03BA01,Beclometason,(Qvar ®),165.370,160.050,145.880,147.360,144.540
223,C10BA,C10BA02,Simvastatine met ezetimib,(Inegy ®),216.330,181.130,160.220,149.760,140.060
224,G04BD,G04BD07,Tolterodine,(Detrusitol ®),149.910,139.850,137.260,139.650,138.830
225,R03AL,R03AL06,Olodaterol met tiotropiumbromide,(Spiolto ®),134.260,130.490,128.680,132.880,134.300
226,J01EA,J01EA01,Trimethoprim,,156.120,149.400,132.320,133.140,133.450
227,J01FF,J01FF01,Clindamycine,(Dalacin ®),119.950,116.550,116.400,130.470,132.970
228,L04AD,L04AD02,Tacrolimus,(Prograft ®),118.200,121.800,122.090,127.010,131.490
229,M01AC,M01AC06,Meloxicam,,186.750,148.710,141.180,135.490,131.240
230,R03AK,R03AK10,Vilanterol met fluticasonfuroaat,(Relvar ellipta ®),68.767,74.290,138.670,130.990,130.550
231,H02AB,H02AB09,Hydrocortison,(Solu-cortef ®),106.400,106.970,110.910,120.100,127.600
232,N06AB,N06AB08,Fluvoxamine,(Fevarin ®),149.980,140.850,132.860,130.480,127.460
233,N01BB,N01BB20,Combinatiepreparaten,(Emla ®),118.780,107.310,119.510,120.910,127.390
234,D07AC,D07AC03,Desoximetason,(Topicorte ®),120.950,78.083,119.670,123.030,126.680
235,G04BD,G04BD04,Oxybutynine,(Dridase ®),129.820,121.620,117.890,121.570,125.740
236,A09AA,A09AA02,Multi-enzymen,(lipase protease enz) (Creon ®),114.790,117.020,117.780,123.410,125.650
237,D01AE,D01AE14,Ciclopirox,(Loprox ®),107.590,108.090,115.200,117.930,124.630
238,R01AX,R01AX06,Mupirocine,(Bactroban ®),111.350,104.480,111.000,119.090,122.810
239,P01AB,P01AB01,Metronidazol,(Flagyl ®),142.570,125.580,118.020,121.050,121.930
240,H03BB,H03BB02,Thiamazol,(Strumazol ®),129.580,123.760,117.840,117.250,121.350
241,A06AD,A06AD11,Lactulose,(Duphalac ®),183.830,166.670,144.740,131.170,120.030
242,L04AX,L04AX01,Azathioprine,(Imuran ®),144.080,134.450,126.160,122.840,119.800
243,S01AE,S01AE01,Ofloxacine,(Trafloxal ®),131.960,145.800,109.560,156.990,119.720
244,S01BA,S01BA04,Prednisolon,(Pred forte ®),104.090,105.740,106.760,115.880,118.900
245,R03BA,R03BA02,Budesonide,(Pulmicort ®),130.920,130.900,123.690,125.440,118.790
246,R01AC,R01AC02,Levocabastine,(Livocab ®),113.630,123.600,132.540,115.480,118.230
247,S01ED,S01ED01,Timolol,(Timogel ®),125.990,116.880,113.490,111.140,117.220
248,L04AA,L04AA06,Mycofenolzuur,(Cellcept ®),111.810,110.690,109.370,111.560,116.470
249,A07AA,A07AA02,Nystatine,,104.760,97.957,89.879,93.127,115.840
250,L02BA,L02BA01,Tamoxifen,,144.290,136.780,126.170,121.420,115.660
251,J01FA,J01FA09,Claritromycine,(Klacid ®),126.320,96.536,86.243,100.590,115.540
252,D06BX,D06BX01,Metronidazol,,135.520,111.280,108.390,104.380,114.220
253,B01AA,B01AA04,Fenprocoumon,(Marcoumar ®),202.210,177.360,160.310,128.530,112.100
254,G03DA,G03DA04,Progesteron,(Utrogestan ®),42.340,46.469,62.872,80.773,111.350
255,C09CA,C09CA08,Olmesartan,(Olmetec ®),103.240,102.210,102.600,102.600,111.230
256,N05CD,N05CD06,Lormetazepam,,124.220,121.320,113.650,112.020,109.690
257,G03BA,G03BA03,Testosteron,(Androgel ®),82.537,86.019,89.981,96.597,109.490
258,N04BC,N04BC04,Ropinirol,(Requip ®),119.280,114.070,109.450,108.620,107.800
259,A10BJ,A10BJ02,Liraglutide,(Saxenda ®),61.244,52.195,42.731,73.979,107.660
260,D11AH,D11AH01,Tacrolimus,(Protopic ®),57.195,72.544,84.370,95.571,107.080
261,C09BA,C09BA03,Lisinopril met diuretica,,136.970,105.250,111.930,108.340,105.940
262,L02BG,L02BG04,Letrozol,(Femara ®),85.741,88.698,92.146,99.468,104.240
263,D07AC,D07AC17,Fluticason,(Cortifil ®),116.300,92.384,111.300,109.490,103.870
264,D10AF,D10AF01,Clindamycine,,92.161,93.405,98.437,99.541,103.610
265,R06AA,R06AA04,Clemastine,(Tavegyl ®),138.580,128.090,129.330,117.730,103.330
266,R03AL,R03AL01,Fenoterol met ipratropiumbromide,(Berodual ®),77.089,81.052,85.578,94.166,102.610
267,N04AA,N04AA02,Biperideen,(Akineton ®),142.710,123.700,116.150,109.130,102.290
268,C01EB,C01EB17,Ivabradine,(Procoralan ®),103.040,101.190,101.240,102.320,102.070
269,G04CA,G04CA53,Tamsulosine met solifenacine,(Vesomni ®),82.750,84.053,87.762,91.951,99.366
270,J02AC,J02AC02,Itraconazol,(Trisporal ®),96.641,80.445,81.612,87.122,99.299
271,L01BC,L01BC02,Fluorouracil,(Efudix ®),71.591,77.360,84.824,90.397,98.144
272,S01BC,S01BC11,Broomfenac,(Yellox ®),82.119,83.100,110.400,128.790,97.547
273,B05BB,B05BB01,Elektrolyten,,103.540,105.600,95.032,93.494,97.174
274,A07DA,A07DA03,Loperamide,,112.840,105.850,107.810,98.587,96.951
275,A10AC,A10AC01,Insuline,(humaan) (Insulatard ®),99.646,100.920,100.400,98.650,96.878
276,N05AD,N05AD05,Pipamperon,(Dipiperon ®),135.350,122.920,111.300,102.420,94.687
277,N06AX,N06AX05,Trazodon,,122.920,119.350,114.210,109.980,93.456
278,R01AD,R01AD01,Beclometason,,137.200,131.130,123.890,109.910,90.649
279,A10AD,A10AD05,Insuline aspart,(Novomix 30 ®),169.660,150.280,126.550,106.320,89.941
280,A05AA,A05AA02,Ursodeoxycholzuur,(Ursochol ®),87.676,85.797,84.547,88.265,89.485
281,A12BA,A12BA01,Kaliumchloride,(Slow-k ®),123.180,116.000,106.240,99.530,88.111
282,C01DA,C01DA08,Isosorbidedinitraat,(Isordil ®),112.250,105.970,80.760,79.222,87.999
283,C10AX,C10AX13,Evolocumab,(Repatha ®),47.665,58.567,66.183,77.160,87.563
284,J01CE,J01CE05,Feneticilline,(Broxil ®),75.844,54.445,54.336,97.597,86.013
285,A06AB,A06AB02,Bisacodyl,,125.420,112.090,111.330,104.070,84.733
286,C09DA,C09DA03,Valsartan met diuretica,(Codiovan ®),93.612,87.791,85.947,82.387,84.343
287,B01AB,B01AB04,Dalteparine,(Fragmin ®),77.034,67.863,77.987,87.656,80.926
288,N06DA,N06DA03,Rivastigmine,,94.201,87.112,83.452,81.515,80.873
289,G03FA,G03FA14,Oestrogeen met dydrogesteron,(Femoston ®),48.925,52.505,56.366,63.567,79.744
290,C07BB,C07BB02,Metoprolol met thiaziden,,122.690,108.630,95.923,86.042,78.858
291,A07EA,A07EA06,Budesonide,(Budenofalk ®),76.372,75.766,76.259,77.551,78.843
292,A07EC,A07EC01,Sulfasalazine,(Salazopyrine ®),88.550,85.440,82.131,80.273,78.639
293,S01FA,S01FA01,Atropine,,43.249,49.068,61.057,68.326,78.047
294,A10BH,A10BH05,Linagliptine,(Trajenta ®),75.064,82.263,85.565,83.620,77.643
295,M05BX,M05BX04,Denosumab,(Prolia ®),72.740,70.409,71.590,75.060,76.959
296,C10AA,C10AA04,Fluvastatine,(Lescol ®),103.080,90.484,82.013,78.767,76.386
297,G04CA,G04CA04,Silodosine,(Silodyx ®),71.967,70.971,71.393,72.575,75.507
298,R03AC,R03AC12,Salmeterol,(Serevent ®),104.830,100.590,88.408,81.006,73.882
299,L02BG,L02BG03,Anastrozol,(Arimidex ®),96.118,86.945,80.237,76.770,73.635
300,C10AX,C10AX14,Alirocumab,(Praluent ®),33.625,44.677,53.652,63.199,72.992
301,C01CA,C01CA24,Adrenaline,(Epipen ®),69.699,66.050,61.783,86.690,72.922
302,A02BX,A02BX02,Sucralfaat,,75.763,80.203,79.747,67.902,71.844
303,S01EE,S01EE03,Bimatoprost,(Lumigan ®),81.618,77.048,74.974,73.070,71.416
304,C05AE,C05AE03,Diltiazem,,59.856,57.517,65.248,65.525,71.240
305,B02AA,B02AA02,Tranexaminezuur,(Cyklokapron ®),41.742,44.640,50.934,61.154,71.038
306,S01EC,S01EC01,Acetazolamide,(Diamox ®),76.020,58.031,58.246,65.990,70.231
307,V03AE,V03AE02,Sevelameer,(Renagel ®),89.048,84.358,78.215,75.342,70.150
308,G01AF,G01AF02,Clotrimazol,(Canesten gyno ®),21.086,20.268,24.484,40.789,69.118
309,C09DA,C09DA07,Telmisartan met diuretica,(Micardisplus ®),98.728,92.236,84.881,80.381,69.114
310,N05BA,N05BA09,Clobazam,(Frisium ®),80.205,78.071,76.785,73.442,67.854
311,A10AE,A10AE05,Insuline detemir,(Levemir ®),109.320,97.387,84.583,75.301,66.021
312,S01GX,S01GX08,Ketotifen,(Zaditen ®),51.642,47.616,52.583,54.306,65.662
313,N05BB,N05BB01,Hydroxyzine,,87.215,81.229,77.148,67.575,65.172
314,B01AC,B01AC07,Dipyridamol,(Persantin ®),343.400,240.710,166.820,111.260,64.373
315,N05AF,N05AF05,Zuclopentixol,(Cisordinol ®),83.547,77.157,70.587,67.235,63.552
316,S01EE,S01EE04,Travoprost,(Travatan ®),88.591,79.103,72.134,67.199,63.403
317,C09DA,C09DA06,Candesartan met diuretica,(Atacand plus ®),83.708,76.151,70.234,64.709,61.998
318,H05BX,H05BX01,Cinacalcet,(Mimpara ®),65.579,64.708,62.986,61.953,61.023
319,N06DA,N06DA04,Galantamine,,95.945,85.418,71.888,67.232,58.923
320,N03AX,N03AX18,Lacosamide,(Vimpat ®),40.475,44.062,47.564,52.842,58.649
321,H01BA,H01BA02,Desmopressine,(Minrin melt ®),70.462,62.523,58.659,56.439,58.636
322,A10AB,A10AB04,Insuline lispro,(Humalog ®),65.663,62.089,61.629,60.619,58.547
323,S01EC,S01EC03,Dorzolamide,(Trusopt ®),46.373,48.397,51.441,55.311,58.510
324,A02BC,A02BC03,Lansoprazol,(Prezal ®),67.516,66.284,62.293,60.689,58.485
325,A01AA,A01AA01,Natriumfluoride,(Duraphat ®),8.871,18.620,33.722,48.275,56.971
326,N05BA,N05BA05,Clorazepinezuur,(di-k-zout) (Tranxene ®),80.236,72.182,64.802,61.907,56.459
327,C03EA,C03EA01,Hydrochloorthiazide met kaliumsparende middelen,,215.440,184.860,83.256,60.428,56.002
328,M01AB,M01AB55,Diclofenac combinatiepreparaten,(Arthrotec ®),83.120,67.462,57.691,53.932,55.746
329,S01GX,S01GX09,Olopatadine,(Opatanol ®),62.821,50.879,51.229,44.556,55.298
330,D10AF,D10AF02,Erytromycine,(Inderm ®),90.281,71.245,64.847,57.794,54.046
331,R06AE,R06AE55,Meclozine combinatiepreparaten,(Emesafene ®),47.574,49.954,59.679,61.735,52.890
332,L02AE,L02AE03,Gosereline,(Zoladex ®),43.877,46.206,47.936,50.036,52.695
333,C08CA,C08CA02,Felodipine,(Plendil ®),68.701,64.569,58.276,54.837,52.563
334,N07BB,N07BB01,Disulfiram,(Refusal ®),51.261,44.099,49.773,52.249,52.449
335,D05AA,D05AA,Teren,,116.570,111.800,64.846,35.412,52.439
336,N02CX,N02CX02,Clonidine,,104.000,99.601,95.610,82.231,51.677
337,D10AD,D10AD03,Adapaleen,(Differin ®),58.273,49.026,54.349,49.126,50.962
338,G03FB,G03FB08,Oestrogeen met dydrogesteron,(Femoston ®),39.068,40.902,43.732,47.174,50.782
339,G03DC,G03DC03,Lynestrenol,(Orgametril ®),40.394,33.640,37.399,48.689,50.007
340,G03AC,G03AC06,Medroxyprogesteron,(Depo-provera ®),40.617,39.020,47.632,49.806,49.776
341,C07AG,C07AG01,Labetalol,(Trandate ®),69.782,48.331,50.495,49.715,49.491
342,R06AX,R06AX13,Loratadine,(Hooikoortstablet loratadine htp ®),52.537,54.118,53.231,50.545,48.751
343,S01BA,S01BA07,Fluormetholon,(Fml liquifilm ®),51.917,46.657,44.249,47.676,47.683
344,D11AH,D11AH02,Pimecrolimus,(Elidel ®),47.129,37.092,37.204,38.157,47.576
345,A04AA,A04AA02,Granisetron,(Sancuso ®),36.736,39.329,42.115,42.949,47.534
346,G04BD,G04BD10,Darifenacine,(Emselex ®),61.306,53.594,49.739,48.923,47.234
347,R03AL,R03AL02,Salbutamol met ipratropiumbromide,(Combivent ®),66.098,58.065,50.269,47.343,46.725
348,C03BA,C03BA11,Indapamide,,55.725,52.695,52.518,51.381,46.314
349,S01EA,S01EA05,Brimonidine,(Alphagan ®),36.910,35.146,39.652,42.543,46.273
350,L04AK,L04AK01,Immunosuppressiva,(Arava ®),37.575,40.687,42.288,44.592,46.108
351,N05AX,N05AX13,Paliperidon,(Xeplion ®),37.678,40.968,43.243,44.983,46.075
352,D06BB,D06BB04,Podofyllotoxine,(Wartec ®),42.897,43.729,43.089,42.941,45.975
353,N05AG,N05AG03,Penfluridol,,52.920,52.672,51.805,49.849,45.653
354,B03AA,B03AA07,Ferrosulfaat,(Fero-gradumet ®),112.070,90.293,69.975,54.735,45.300
355,S01CA,S01CA03,Hydrocortison met antimicrobiele middelen,(Terra cortril met polymyxine b ®),35.952,34.754,36.781,40.996,44.537
356,N03AB,N03AB02,Fenytoine,(Diphantoine-z ®),82.050,63.703,53.586,49.969,43.807
357,C09DB,C09DB01,Valsartan met amlodipine,(Exforge ®),47.360,44.744,41.703,40.834,43.384
358,R06AX,R06AX28,Rupatadine,(Rupafin ®),33.857,36.268,38.846,40.657,43.235
359,R03AL,R03AL07,Formoterol met glycopyrroniumbromide,(Bevespi aerosphere ®),.,3.032,12.552,25.971,43.041
360,A10BJ,A10BJ05,Dulaglutide,(Trulicity ®),18.085,25.079,31.281,46.433,42.883
361,L02AE,L02AE02,Leuproreline,(Lucrin pds ®),38.206,39.137,40.427,42.065,42.859
362,C09BB,C09BB04,Perindopril met amlodipine,(Coveram arg ®),40.333,40.116,40.569,40.695,42.183
363,N05AG,N05AG02,Pimozide,(Orap ®),61.224,55.341,48.982,45.478,42.131
364,H02AB,H02AB07,Prednison,,48.854,46.640,43.646,43.542,41.807
365,G01AF,G01AF01,Metronidazol,(Flagyl ®),26.251,29.119,31.596,35.951,41.357
366,L01BB,L01BB03,Tioguanine,(Thiosix ®),30.575,32.739,34.567,37.972,41.192
367,N02CC,N02CC06,Eletriptan,(Relpax ®),30.747,30.828,32.053,36.515,40.935
368,S02CA,S02CA06,Dexamethason met antimicrobiele middelen,(Sofradex ®),297.440,108.300,179.800,205.180,40.626
369,G03DC,G03DC02,Norethisteron,(Primolut-n ®),53.543,33.521,38.590,47.586,40.595
370,A06AB,A06AB58,Picozwavelzuur,(na-zout) combinatiepreparaten (Picoprep ®),59.673,46.727,48.713,47.598,40.586
371,S01EC,S01EC54,Brinzolamide combinatiepreparaten,(Simbrinza ®),40.533,39.953,39.750,40.692,40.500
372,L02BB,L02BB03,Bicalutamide,(Casodex ®),61.777,53.968,47.788,43.445,40.406
373,R03AC,R03AC03,Terbutaline,(Bricanyl ®),52.590,53.501,45.913,44.325,40.332
374,N02AX,N02AX06,Tapentadol,(Palexia ®),31.141,36.104,38.871,39.803,40.102
375,D11AX,D11AX22,Ivermectine,(Soolantra ®),20.818,24.957,29.324,34.277,40.093
376,J01AA,J01AA08,Minocycline,,63.484,52.602,54.026,44.388,40.032
377,C09DX,C09DX01,Valsartan met amlodipine en hydrochloorthiazide,(Exforge hct ®),44.876,43.374,41.265,39.562,39.865
378,A10AB,A10AB06,Insuline glulisine,(Apidra ®),49.351,46.614,44.688,42.354,39.351
379,C10AB,C10AB08,Ciprofibraat,(Modalim ®),35.735,35.836,35.294,34.045,39.317
380,N05AF,N05AF01,Flupentixol,(Fluanxol ®),50.697,48.110,44.088,41.435,38.867
381,N05AL,N05AL05,Amisulpride,(Aktiprol ®),2.515,6.873,19.321,32.477,38.666
382,N06BA,N06BA09,Atomoxetine,(Strattera ®),28.707,30.072,32.804,36.429,38.607
383,N06AX,N06AX26,Vortioxetine,(Brintellix ®),34.726,37.073,37.026,37.331,38.486
384,N04AA,N04AA01,Trihexyfenidyl,(Artane ®),54.492,50.036,44.616,41.508,38.204
385,D07XC,D07XC01,Betamethason met overige middelen,(Diprosalic ®),39.935,36.908,38.379,38.951,38.106
386,S01GX,S01GX07,Azelastine,,72.665,71.429,36.135,31.885,38.001
387,N02CC,N02CC03,Zolmitriptan,(Zomig zip ®),34.028,33.137,33.009,35.423,37.890
388,N03AF,N03AF02,Oxcarbazepine,(Trileptal ®),43.361,40.762,39.581,38.390,37.774
389,S01EE,S01EE05,Tafluprost,(Saflutan ®),43.858,41.267,39.002,37.699,37.615
390,R03AL,R03AL03,Vilanterol met umeclidiniumbromide,(Anoro ellipta ®),30.008,29.177,30.993,33.799,37.541
391,C10AB,C10AB04,Gemfibrozil,(Lopid ®),76.957,71.005,66.636,60.852,36.407
392,A03AB,A03AB02,Glycopyrroniumbromide,(Sialanar ®),21.311,24.653,27.493,31.965,36.275
393,G04BD,G04BD11,Fesoterodine,(Toviaz ®),47.680,44.511,41.417,38.243,35.333
394,A01AB,A01AB09,Miconazol,(Daktarin ®),65.718,66.654,62.472,62.790,35.304
395,A06AG,A06AG11,Natriumlaurylsulfoacetaat incl combinatiepreparaten,,40.555,39.489,38.686,37.402,35.191
396,C10AC,C10AC01,Colestyramine,(Questran a ®),30.781,29.576,30.297,33.933,35.168
397,V01AA,V01AA02,Graspollenallergeen,(Grazax ®),19.504,23.404,27.402,31.100,35.127
398,D10AD,D10AD01,Tretinoine,(Effederm ®),11.515,17.134,18.519,28.539,35.032
399,N07BC,N07BC51,Buprenorfine combinatiepreparaten,(Suboxone ®),32.885,33.433,36.073,35.096,34.748
400,L04AD,L04AD01,Ciclosporine,(Neoral ®),38.152,35.418,34.832,34.472,34.585
401,G03DB,G03DB01,Dydrogesteron,(Duphaston ®),10.743,10.612,12.252,15.748,34.524
402,N02CC,N02CC07,Frovatriptan,(Fromirex ®),32.828,30.383,30.796,32.155,33.404
403,C09XA,C09XA02,Aliskiren,(Rasilez ®),41.600,37.444,34.731,34.897,33.025
404,A10BH,A10BH02,Vildagliptine,(Galvus ®),44.684,42.296,38.077,34.758,32.899
405,L04AX,L04AX07,Dimethylfumaraat,(Skilarence ®),45.135,41.060,38.600,35.536,32.579
406,N05CD,N05CD01,Flurazepam,,49.787,45.633,39.061,35.329,32.523
407,S01EC,S01EC04,Brinzolamide,(Azopt ®),37.910,35.404,34.321,33.177,32.233
408,H04AA,H04AA01,Glucagon,(Baqsimi ®),27.253,22.090,30.457,31.326,32.070
409,N05BA,N05BA08,Bromazepam,,55.476,49.801,47.911,33.116,32.057
410,R03AL,R03AL08,Vilanterol met umeclidiniumbromide en fluticasonfuroaat,(Trelegy ellipta ®),20.421,22.366,28.012,29.441,31.943
411,R06AX,R06AX25,Mizolastine,(Mizollen ®),36.747,36.497,35.019,32.999,31.580
412,A04AD,A04AD12,Aprepitant,(Emend ®),33.014,29.544,31.552,31.239,31.418
413,R03BB,R03BB07,Umeclidiniumbromide,(Incruse ellipta ®),12.063,13.769,37.887,33.370,31.160
414,B01AC,B01AC22,Prasugrel,(Efient ®),19.708,20.252,22.636,26.022,30.608
415,D10AF,D10AF51,Clindamycine combinatiepreparaten,(Duac ®),31.033,30.510,32.728,24.879,30.393
416,N01BX,N01BX04,Capsaicine,,25.426,25.098,28.098,29.053,30.178
417,J06BA,J06BA02,Immunoglobuline normaal intravasculair,(Nanogam ®),24.583,24.257,24.535,29.448,29.985
418,A10BD,A10BD07,Metformine met sitagliptine,(Janumet ®),37.950,36.862,35.284,33.337,29.980
419,N04BB,N04BB01,Amantadine,(Symmetrel ®),39.364,35.209,31.491,29.930,29.421
420,D06AX,D06AX09,Mupirocine,(Bactroban ®),29.385,25.438,23.727,26.360,29.372
421,N07AA,N07AA02,Pyridostigmine,(Mestinon ®),29.266,28.887,28.316,28.474,29.206
422,M04AA,M04AA03,Febuxostat,(Adenuric ®),14.383,15.768,16.788,21.115,29.034
423,N03AX,N03AX23,Brivaracetam,(Briviact ®),10.237,14.051,17.556,22.878,28.147
424,G03AA,G03AA12,Ethinylestradiol met drospirenon,(Yasmin ®),41.948,40.230,34.312,30.295,28.080
425,A10AD,A10AD06,Insuline degludec met insuline aspart,(Ryzodeg ®),34.737,35.336,33.162,30.498,27.518
426,G03DA,G03DA02,Medroxyprogesteron,(Provera ®),24.646,22.803,22.572,22.326,27.193
427,S01BC,S01BC03,Diclofenac,(Dicloabak ®),29.230,19.832,20.230,22.272,27.080
428,S01XA,S01XA18,Ciclosporine,(Ikervis ®),14.698,16.699,18.752,21.329,27.056
429,N05CD,N05CD02,Nitrazepam,,67.951,62.830,56.108,51.448,26.925
430,C07CB,C07CB03,Atenolol met overige diuretica,,47.254,41.442,35.486,30.671,26.835
431,J01MA,J01MA12,Levofloxacine,(Quinsair ®),23.471,22.594,24.489,30.184,26.337
432,D06BA,D06BA01,Zilversulfadiazine,(Flammazine ®),37.401,32.392,29.741,27.966,26.319
433,R03AL,R03AL04,Indacaterol met glycopyrroniumbromide,(Ultibro breezhaler ®),46.737,41.826,35.926,30.428,26.184
434,S02AA,S02AA10,Azijnzuur,,33.689,30.877,29.324,29.710,25.901
435,N03AA,N03AA02,Fenobarbital,,38.091,33.831,30.173,27.632,25.209
436,C01DX,C01DX16,Nicorandil,(Ikorel ®),8.014,9.417,13.130,14.041,25.130
437,S01GX,S01GX06,Emedastine,(Emadine ®),29.859,21.643,20.163,17.173,24.798
438,S01AD,S01AD03,Aciclovir,,26.110,25.224,25.070,25.073,24.441
439,A12CC,A12CC03,Magnesiumgluconaat,,14.738,20.755,25.895,31.767,24.362
440,R06AX,R06AX22,Ebastine,(Kestine ®),24.132,23.859,23.333,23.615,24.160
441,S02AA,S02AA16,Ofloxacine,(Otiflox ®),10.013,16.867,10.674,12.234,24.150
442,N06AF,N06AF04,Tranylcypromine,(Tracydal ®),25.906,24.876,22.813,23.104,23.629
443,R03AK,R03AK11,Formoterol met fluticason,(Flutiform ®),25.372,25.870,24.562,24.706,23.518
444,N07BB,N07BB04,Naltrexon,,29.071,26.360,24.856,23.966,23.509
445,C02AC,C02AC01,Clonidine,(Catapresan ®),10.766,9.879,9.592,15.748,23.346
446,A06AD,A06AD10,Mineralen combinatiepreparaten,(Eziclen ®),19.931,18.614,20.968,23.502,23.107
447,L02AE,L02AE04,Triptoreline,(Pamorelin ®),10.648,12.135,16.557,19.122,22.538
448,J05AR,J05AR20,Emtricitabine met tenofoviralafenamide en bictegravir,(Biktarvy ®),10.322,15.984,18.421,20.642,22.298
449,N05AF,N05AF03,Chloorprotixeen,(Truxal ®),32.126,28.786,25.983,24.049,22.194
450,S02CA,S02CA07,Fludrocortison met antimicrobiele middelen,(Panotile ®),20.023,29.366,14.496,13.575,21.772
451,M01AB,M01AB01,Indometacine,,27.959,25.929,23.987,23.088,21.752
452,S02AA,S02AA04,Aluminiumacetotartraat,,18.091,18.322,17.115,19.518,21.458
453,M03BX,M03BX02,Tizanidine,(Sirdalud ®),25.634,24.392,22.037,21.543,21.363
454,M05BA,M05BA08,Zoledroninezuur,(Aclasta ®),12.249,12.850,15.216,17.449,21.123
455,S01AA,S01AA12,Tobramycine,(Tobrex ®),26.051,22.265,24.890,24.996,20.879
456,N05AA,N05AA02,Levomepromazine,(Nozinan ®),.,.,.,18.374,20.680
457,C09DA,C09DA08,Olmesartan met diuretica,(Olmetec hctz ®),25.991,24.288,20.964,20.542,20.461
458,S01BA,S01BA02,Hydrocortison,(Softacor ®),9.711,11.560,14.282,16.385,20.366
459,G03CX,G03CX01,Tibolon,(Livial ®),31.423,28.491,24.621,22.106,20.179
460,J05AB,J05AB01,Aciclovir,(Zovirax ®),21.332,28.981,21.316,19.465,20.139
461,V01AA,V01AA05,Boompollenallergeen,(Itulazax ®),3.780,9.288,14.526,17.435,20.098
462,G02CB,G02CB03,Cabergoline,(Dostinex ®),19.155,19.457,19.602,20.025,19.884
463,R01AD,R01AD11,Triamcinolon,(Nasacort ®),25.635,23.926,21.398,19.225,19.090
464,A10BD,A10BD08,Metformine met vildagliptine,(Eucreas ®),28.115,26.804,24.511,22.842,18.924
465,H02AA,H02AA02,Fludrocortison,(Florinef ®),20.386,19.330,18.658,18.504,18.856
466,A06AX,A06AX04,Linaclotide,(Constella ®),8.427,9.588,12.281,13.769,18.738
467,V03AE,V03AE01,Polystyreensulfonzuur,(na-zout ca-zout) (Sorbisterit ®),20.542,19.704,19.270,18.327,18.699
468,A04AA,A04AA55,Palonosetron combinatiepreparaten,(Akynzeo ®),10.534,14.325,17.570,18.323,18.376
469,V01AA,V01AA03,Huisstofmijtenallergeen,(Acarizax ®),12.475,14.606,16.355,17.017,18.335
470,L02BA,L02BA03,Fulvestrant,(Faslodex ®),15.852,17.010,16.324,16.922,18.333
471,M03BX,M03BX04,Tolperison,(Tolpermyo ®),12.050,14.102,16.371,18.506,18.178
472,D05BB,D05BB02,Acitretine,(Neotigason ®),21.247,20.654,19.007,18.190,18.116
473,H03AA,H03AA02,Liothyronine,(Cytomel ®),16.643,17.177,17.009,17.807,18.040
474,J01DD,J01DD04,Ceftriaxon,,11.522,12.096,11.476,13.642,17.959
475,G03HA,G03HA01,Cyproteron,(Androcur ®),25.907,23.211,19.998,18.815,17.709
476,C03DB,C03DB01,Amiloride,,4.199,4.566,22.269,23.866,17.679
477,R03AL,R03AL05,Formoterol met aclidiniumbromide,(Duaklir genuair ®),19.126,17.415,16.484,16.767,17.606
478,B02BA,B02BA01,Fytomenadion,(Konakion ®),28.807,24.747,24.574,20.480,17.516
479,N07BB,N07BB03,Acamprosaat,(Campral ®),23.349,17.261,17.017,17.105,17.390
480,H01CB,H01CB02,Octreotide,(Sandostatine ®),18.739,18.017,16.898,16.631,17.086
481,C02AB,C02AB01,Methyldopa,(Presinol ®),23.626,22.107,21.384,17.461,16.940
482,N06AA,N06AA02,Imipramine,,30.332,26.965,24.673,20.334,16.720
483,N04BC,N04BC09,Rotigotine,(Neupro ®),17.285,16.750,16.148,16.437,16.704
484,L01BB,L01BB02,Mercaptopurine,(Puri-nethol ®),19.592,18.625,18.067,17.650,16.580
485,C10AB,C10AB02,Bezafibraat,(Bezalip ®),20.294,16.774,18.034,22.599,16.570
486,A01AD,A01AD11,Diverse middelen,,19.606,16.753,17.874,16.454,16.458
487,C09DX,C09DX03,Olmesartan medoxomil met amlodipine en hydrochloorthiazide,(Sevikar hct ®),14.835,14.859,14.721,14.947,16.210
488,N02CC,N02CC02,Naratriptan,(Naramig ®),18.040,16.873,16.084,16.016,16.161
489,N04BX,N04BX02,Entacapon,(Comtan ®),18.852,18.411,16.373,16.040,16.032
490,J05AJ,J05AJ03,Dolutegravir,(Tivicay ®),16.995,16.520,15.745,16.175,16.028
491,D07XC,D07XC02,Desoximetason met overige middelen,,15.268,13.967,14.070,14.613,15.962
492,J05AR,J05AR03,Tenofovir disoproxil met emtricitabine,(Truvada ®),24.202,20.095,18.243,16.884,15.941
493,M05BA,M05BA06,Ibandroninezuur,(Bondronat ®),22.569,21.409,20.088,17.939,15.808
494,N04BA,N04BA03,Levodopa met decarboxylaseremmer en comt-remmer,(Stalevo ®),22.762,19.704,16.134,15.076,15.534
495,D05AX,D05AX03,Calcitriol,(Silkis ®),18.399,16.152,16.394,16.371,15.281
496,J05AR,J05AR25,Lamivudine met dolutegravir,(Dovato ®),457,5.205,8.823,12.162,15.264
497,D02AF,D02AF,Salicylzuurpreparaten,,17.664,16.303,16.164,15.647,15.217
498,A02BA,A02BA01,Cimetidine,,21.041,9.118,9.221,13.317,15.105
499,N03AA,N03AA03,Primidon,(Mysoline ®),15.586,16.030,15.392,15.187,15.059
500,V03AE,V03AE03,Lanthaancarbonaat,(Fosrenol ®),17.757,18.322,16.984,16.051,14.975
